Starting Seq Index,Ending Seq Index,Base Position of Change,Starting Base,Ending Base,Transition or Transversion,Change codon Position,Corresponding codon Start Pos,Change Pair,Starting NT codon,Starting NT codon with Base Change,Ending NT codon 2,Synonymous or NonSynonymous,AminoAcid1,IntermedAmino,AminoAcid2,AAChg
13,1,1539,G,A,ts,3,1537,GA,GGG,GGA,GGA,syn,G,G,G,FALSE
14,3,1015,C,A,tv,1,1015,CA,CAA,AAA,AAA,nonsyn,Q,K,K,TRUE
14,3,1447,G,T,tv,1,1447,GT,GAT,TAT,TAT,nonsyn,D,Y,Y,TRUE
14,3,3027,T,C,ts,3,3025,TC,ACT,ACC,ACC,syn,T,T,T,FALSE
14,15,528,T,C,ts,3,526,TC,TTT,TTC,TTC,syn,F,F,F,FALSE
14,15,543,G,A,ts,3,541,GA,AAG,AAA,AAA,syn,K,K,K,FALSE
14,15,576,T,C,ts,3,574,TC,CCT,CCC,CCC,syn,P,P,P,FALSE
14,15,610,T,C,ts,1,610,TC,TTG,CTG,CTG,syn,L,L,L,FALSE
14,15,703,G,A,ts,1,703,GA,GTG,ATG,ATG,nonsyn,V,M,M,TRUE
14,15,706,C,T,ts,1,706,CT,CCC,TCC,TCC,nonsyn,P,S,S,TRUE
14,15,745,T,A,tv,1,745,TA,TGT,AGT,AGT,nonsyn,C,S,S,TRUE
14,15,772,C,T,ts,1,772,CT,CAG,TAG,TAG,nonsyn,Q,*,*,TRUE
14,15,793,T,C,ts,1,793,TC,TTC,CTC,CTC,nonsyn,F,L,L,TRUE
14,15,812,G,A,ts,2,811,GA,CGC,CAC,CAC,nonsyn,R,H,H,TRUE
14,15,832,G,A,ts,1,832,GA,GTG,ATG,ATG,nonsyn,V,M,M,TRUE
14,15,892,T,C,ts,1,892,TC,TTC,CTC,CTC,nonsyn,F,L,L,TRUE
14,15,931,T,G,tv,1,931,TG,TCC,GCC,GCC,nonsyn,S,A,A,TRUE
14,15,937,G,A,ts,1,937,GA,GCA,ACA,ACA,nonsyn,A,T,T,TRUE
14,15,971,T,C,ts,2,970,TC,ATT,ACT,ACT,nonsyn,I,T,T,TRUE
14,15,988,A,T,tv,1,988,AT,AGG,TGG,TGG,nonsyn,R,W,W,TRUE
14,15,991,C,T,ts,1,991,CT,CTG,TTG,TTG,syn,L,L,L,FALSE
14,15,994,C,T,ts,1,994,CT,CGT,TGT,TGT,nonsyn,R,C,C,TRUE
14,15,1025,T,G,tv,2,1024,TG,TTC,TGC,TGC,nonsyn,F,C,C,TRUE
14,15,1051,C,T,ts,1,1051,CT,CCT,TCT,TCT,nonsyn,P,S,S,TRUE
14,15,1069,G,A,ts,1,1069,GA,GAA,AAA,AAA,nonsyn,E,K,K,TRUE
14,15,1081,C,T,ts,1,1081,CT,CAA,TAA,TAA,nonsyn,Q,*,*,TRUE
14,15,1117,T,C,ts,1,1117,TC,TCA,CCA,CCA,nonsyn,S,P,P,TRUE
14,15,1120,G,A,ts,1,1120,GA,GGC,AGC,AGC,nonsyn,G,S,S,TRUE
14,15,1126,T,C,ts,1,1126,TC,TAG,CAG,CAG,nonsyn,*,Q,Q,TRUE
14,15,1145,G,C,tv,2,1144,GC,TGT,TCT,TCA,nonsyn,C,S,S,TRUE
14,15,1146,T,A,tv,3,1144,TA,TGT,TGA,TCA,nonsyn,C,*,S,TRUE
14,15,1147,T,A,tv,1,1147,TA,TGA,AGA,AGC,nonsyn,*,R,S,TRUE
14,15,1149,A,C,tv,3,1147,AC,TGA,TGC,AGC,nonsyn,*,C,S,TRUE
14,15,1150,A,T,tv,1,1150,AT,AGG,TGG,TGG,nonsyn,R,W,W,TRUE
14,15,1154,T,C,ts,2,1153,TC,TTT,TCT,TCT,nonsyn,F,S,S,TRUE
14,15,1156,T,A,tv,1,1156,TA,TAA,AAA,AAA,nonsyn,*,K,K,TRUE
14,15,1167,T,A,tv,3,1165,TA,CTT,CTA,CTA,syn,L,L,L,FALSE
14,15,1172,T,C,ts,2,1171,TC,TTT,TCT,TCT,nonsyn,F,S,S,TRUE
14,15,1174,A,T,tv,1,1174,AT,ACA,TCA,TCA,nonsyn,T,S,S,TRUE
14,15,1178,T,A,tv,2,1177,TA,ATC,AAC,AAG,nonsyn,I,N,K,TRUE
14,15,1179,C,G,tv,3,1177,CG,ATC,ATG,AAG,nonsyn,I,M,K,TRUE
14,15,1189,C,T,ts,1,1189,CT,CCA,TCA,TCA,nonsyn,P,S,S,TRUE
14,15,1192,A,C,tv,1,1192,AC,ACC,CCC,CCC,nonsyn,T,P,P,TRUE
14,15,1219,A,T,tv,1,1219,AT,ATA,TTA,TTA,nonsyn,I,L,L,TRUE
14,15,1222,C,T,ts,1,1222,CT,CAG,TAG,TAG,nonsyn,Q,*,*,TRUE
14,15,1253,C,A,tv,2,1252,CA,ACA,AAA,AAA,nonsyn,T,K,K,TRUE
14,15,1327,C,T,ts,1,1327,CT,CAA,TAA,TAA,nonsyn,Q,*,*,TRUE
14,15,1339,A,T,tv,1,1339,AT,AGG,TGG,TGG,nonsyn,R,W,W,TRUE
14,15,1357,T,A,tv,1,1357,TA,TGA,AGA,AGA,nonsyn,*,R,R,TRUE
14,15,1396,C,T,ts,1,1396,CT,CAG,TAG,TAG,nonsyn,Q,*,*,TRUE
14,15,1539,G,A,ts,3,1537,GA,GGG,GGA,GGA,syn,G,G,G,FALSE
14,15,1606,T,C,ts,1,1606,TC,TTC,CTC,CTC,nonsyn,F,L,L,TRUE
14,15,1744,T,C,ts,1,1744,TC,TAG,CAG,CAG,nonsyn,*,Q,Q,TRUE
14,15,1800,C,T,ts,3,1798,CT,TAC,TAT,TAT,syn,Y,Y,Y,FALSE
14,15,1824,C,T,ts,3,1822,CT,CCC,CCT,CCT,syn,P,P,P,FALSE
14,15,1923,A,G,ts,3,1921,AG,GAA,GAG,GAG,syn,E,E,E,FALSE
14,15,1959,T,C,ts,3,1957,TC,TGT,TGC,TGC,syn,C,C,C,FALSE
14,15,2028,A,T,tv,3,2026,AT,GCA,GCT,GCT,syn,A,A,A,FALSE
14,15,2034,C,T,ts,3,2032,CT,GTC,GTT,GTT,syn,V,V,V,FALSE
14,15,2136,A,G,ts,3,2134,AG,GAA,GAG,GAG,syn,E,E,E,FALSE
14,15,2140,C,T,ts,1,2140,CT,CTA,TTA,TTA,syn,L,L,L,FALSE
14,15,2166,A,T,tv,3,2164,AT,GCA,GCT,GCT,syn,A,A,A,FALSE
14,15,2223,C,T,ts,3,2221,CT,GAC,GAT,GAT,syn,D,D,D,FALSE
14,15,2244,T,C,ts,3,2242,TC,TTT,TTC,TTC,syn,F,F,F,FALSE
14,15,2247,C,T,ts,3,2245,CT,AAC,AAT,AAT,syn,N,N,N,FALSE
14,15,2260,T,C,ts,1,2260,TC,TTG,CTG,CTG,syn,L,L,L,FALSE
14,15,2310,G,A,ts,3,2308,GA,CTG,CTA,CTA,syn,L,L,L,FALSE
14,15,2358,A,T,tv,3,2356,AT,GCA,GCT,GCT,syn,A,A,A,FALSE
14,15,2457,A,G,ts,3,2455,AG,CAA,CAG,CAG,syn,Q,Q,Q,FALSE
14,15,2499,C,T,ts,3,2497,CT,TCC,TCT,TCT,syn,S,S,S,FALSE
14,15,2532,G,T,tv,3,2530,GT,GTG,GTT,GTT,syn,V,V,V,FALSE
14,15,2592,T,A,tv,3,2590,TA,GGT,GGA,GGA,syn,G,G,G,FALSE
14,15,2595,A,T,tv,3,2593,AT,GCA,GCT,GCT,syn,A,A,A,FALSE
14,15,2607,T,G,tv,3,2605,TG,GTT,GTG,GTG,syn,V,V,V,FALSE
14,15,2781,T,C,ts,3,2779,TC,CTT,CTC,CTC,syn,L,L,L,FALSE
14,15,2814,G,A,ts,3,2812,GA,AAG,AAA,AAA,syn,K,K,K,FALSE
14,15,2832,C,T,ts,3,2830,CT,TCC,TCT,TCT,syn,S,S,S,FALSE
14,15,2964,T,C,ts,3,2962,TC,TTT,TTC,TTC,syn,F,F,F,FALSE
14,15,2991,A,T,tv,3,2989,AT,GTA,GTT,GTT,syn,V,V,V,FALSE
14,15,3021,C,T,ts,3,3019,CT,ATC,ATT,ATT,syn,I,I,I,FALSE
14,15,3027,T,C,ts,3,3025,TC,ACT,ACC,ACC,syn,T,T,T,FALSE
14,15,3044,G,C,tv,2,3043,GC,TGT,TCT,TCT,nonsyn,C,S,S,TRUE
14,15,3052,A,G,ts,1,3052,AG,ACT,GCT,GCT,nonsyn,T,A,A,TRUE
14,15,3111,T,C,ts,3,3109,TC,AAT,AAC,AAC,syn,N,N,N,FALSE
14,15,3113,A,T,tv,2,3112,AT,TAG,TTG,TTG,nonsyn,*,L,L,TRUE
14,15,3143,T,C,ts,2,3142,TC,ATT,ACT,ACT,nonsyn,I,T,T,TRUE
14,15,3149,G,A,ts,2,3148,GA,AGA,AAA,AAA,nonsyn,R,K,K,TRUE
14,15,3209,A,C,tv,2,3208,AC,TAA,TCA,TCA,nonsyn,*,S,S,TRUE
14,15,3251,G,A,ts,2,3250,GA,AGA,AAA,AAA,nonsyn,R,K,K,TRUE
14,15,3360,G,A,ts,3,3358,GA,TAG,TAA,TAA,syn,*,*,*,FALSE
14,15,3368,G,C,tv,2,3367,GC,TGA,TCA,TCA,nonsyn,*,S,S,TRUE
14,15,3428,T,C,ts,2,3427,TC,GTG,GCG,GCG,nonsyn,V,A,A,TRUE
15,9,405,T,C,ts,3,403,TC,TAT,TAC,TAC,syn,Y,Y,Y,FALSE
15,9,432,A,G,ts,3,430,AG,GAA,GAG,GAG,syn,E,E,E,FALSE
15,9,501,T,C,ts,3,499,TC,TTT,TTC,TTC,syn,F,F,F,FALSE
15,9,546,C,T,ts,3,544,CT,CAC,CAT,CAT,syn,H,H,H,FALSE
15,9,573,C,T,ts,3,571,CT,CTC,CTT,CTT,syn,L,L,L,FALSE
15,9,578,A,C,tv,2,577,AC,CAG,CCG,CCT,nonsyn,Q,P,P,TRUE
15,9,579,G,T,tv,3,577,GT,CAG,CAT,CCT,nonsyn,Q,H,P,TRUE
15,9,588,G,A,ts,3,586,GA,TCG,TCA,TCA,syn,S,S,S,FALSE
15,9,657,T,C,ts,3,655,TC,AGT,AGC,AGC,syn,S,S,S,FALSE
15,9,685,T,C,ts,1,685,TC,TCC,CCC,CCC,nonsyn,S,P,P,TRUE
15,9,688,T,A,tv,1,688,TA,TAA,AAA,AAA,nonsyn,*,K,K,TRUE
15,9,735,G,C,tv,3,733,GC,CAG,CAC,CAC,nonsyn,Q,H,H,TRUE
15,9,739,T,C,ts,1,739,TC,TGC,CGC,CGC,nonsyn,C,R,R,TRUE
15,9,763,G,A,ts,1,763,GA,GAA,AAA,AAA,nonsyn,E,K,K,TRUE
15,9,814,A,T,tv,1,814,AT,ATC,TTC,TTC,nonsyn,I,F,F,TRUE
15,9,823,C,T,ts,1,823,CT,CAC,TAC,TAC,nonsyn,H,Y,Y,TRUE
15,9,826,T,C,ts,1,826,TC,TTT,CTT,CTT,nonsyn,F,L,L,TRUE
15,9,883,C,T,ts,1,883,CT,CTA,TTA,TTA,syn,L,L,L,FALSE
15,9,901,A,G,ts,1,901,AG,AAT,GAT,GAT,nonsyn,N,D,D,TRUE
15,9,906,G,C,tv,3,904,GC,TAG,TAC,TAC,nonsyn,*,Y,Y,TRUE
15,9,928,C,T,ts,1,928,CT,CGC,TGC,TGC,nonsyn,R,C,C,TRUE
15,9,958,T,C,ts,1,958,TC,TTA,CTA,CTA,syn,L,L,L,FALSE
15,9,961,T,C,ts,1,961,TC,TAA,CAA,CAA,nonsyn,*,Q,Q,TRUE
15,9,1015,C,G,tv,1,1015,CG,CAA,GAA,GCA,nonsyn,Q,E,A,TRUE
15,9,1016,A,C,tv,2,1015,AC,CAA,CCA,GCA,nonsyn,Q,P,A,TRUE
15,9,1019,C,A,tv,2,1018,CA,TCT,TAT,TAT,nonsyn,S,Y,Y,TRUE
15,9,1027,T,A,tv,1,1027,TA,TAA,AAA,AAA,nonsyn,*,K,K,TRUE
15,9,1030,G,A,ts,1,1030,GA,GGT,AGT,AGA,nonsyn,G,S,R,TRUE
15,9,1032,T,A,tv,3,1030,TA,GGT,GGA,AGA,syn,G,G,R,TRUE
15,9,1033,T,G,tv,1,1033,TG,TGG,GGG,GGG,nonsyn,W,G,G,TRUE
15,9,1036,T,C,ts,1,1036,TC,TGG,CGG,CGG,nonsyn,W,R,R,TRUE
15,9,1044,A,T,tv,3,1042,AT,TTA,TTT,TTT,nonsyn,L,F,F,TRUE
15,9,1048,T,C,ts,1,1048,TC,TTA,CTA,CTA,syn,L,L,L,FALSE
15,9,1054,G,T,tv,1,1054,GT,GTA,TTA,TTA,nonsyn,V,L,L,TRUE
15,9,1057,T,C,ts,1,1057,TC,TAG,CAG,CCG,nonsyn,*,Q,P,TRUE
15,9,1058,A,C,tv,2,1057,AC,TAG,TCG,CCG,nonsyn,*,S,P,TRUE
15,9,1060,A,T,tv,1,1060,AT,ATT,TTT,TCT,nonsyn,I,F,S,TRUE
15,9,1061,T,C,ts,2,1060,TC,ATT,ACT,TCT,nonsyn,I,T,S,TRUE
15,9,1063,G,C,tv,1,1063,GC,GTT,CTT,CTT,nonsyn,V,L,L,TRUE
15,9,1072,G,A,ts,1,1072,GA,GTC,ATC,AGC,nonsyn,V,I,S,TRUE
15,9,1073,T,G,tv,2,1072,TG,GTC,GGC,AGC,nonsyn,V,G,S,TRUE
15,9,1087,T,C,ts,1,1087,TC,TTT,CTT,CTT,nonsyn,F,L,L,TRUE
15,9,1096,A,G,ts,1,1096,AG,AGA,GGA,GGA,nonsyn,R,G,G,TRUE
15,9,1102,T,C,ts,1,1102,TC,TTC,CTC,CTC,nonsyn,F,L,L,TRUE
15,9,1114,C,T,ts,1,1114,CT,CTA,TTA,TTA,syn,L,L,L,FALSE
15,9,1123,C,A,tv,1,1123,CA,CGG,AGG,AGG,syn,R,R,R,FALSE
15,9,1131,C,A,tv,3,1129,CA,CAC,CAA,CAA,nonsyn,H,Q,Q,TRUE
15,9,1148,G,A,ts,2,1147,GA,AGC,AAC,AAC,nonsyn,S,N,N,TRUE
15,9,1162,T,C,ts,1,1162,TC,TTA,CTA,CTA,syn,L,L,L,FALSE
15,9,1168,T,C,ts,1,1168,TC,TCC,CCC,CCC,nonsyn,S,P,P,TRUE
15,9,1171,T,A,tv,1,1171,TA,TCT,ACT,ACT,nonsyn,S,T,T,TRUE
15,9,1175,C,T,ts,2,1174,CT,TCA,TTA,TTA,nonsyn,S,L,L,TRUE
15,9,1177,A,T,tv,1,1177,AT,AAG,TAG,TAG,nonsyn,K,*,*,TRUE
15,9,1186,T,A,tv,1,1186,TA,TTT,ATT,ATT,nonsyn,F,I,I,TRUE
15,9,1190,C,T,ts,2,1189,CT,TCA,TTA,TTA,nonsyn,S,L,L,TRUE
15,9,1195,C,T,ts,1,1195,CT,CAC,TAC,TAC,nonsyn,H,Y,Y,TRUE
15,9,1199,A,G,ts,2,1198,AG,TAA,TGA,TGA,syn,*,*,*,FALSE
15,9,1211,T,C,ts,2,1210,TC,TTA,TCA,TCA,nonsyn,L,S,S,TRUE
15,9,1225,A,G,ts,1,1225,AG,AGT,GGT,GGT,nonsyn,S,G,G,TRUE
15,9,1282,A,G,ts,1,1282,AG,AAA,GAA,GAA,nonsyn,K,E,E,TRUE
15,9,1294,T,C,ts,1,1294,TC,TTT,CTT,CTT,nonsyn,F,L,L,TRUE
15,9,1306,C,T,ts,1,1306,CT,CAA,TAA,TAA,nonsyn,Q,*,*,TRUE
15,9,1351,T,C,ts,1,1351,TC,TCT,CCT,CCT,nonsyn,S,P,P,TRUE
15,9,1354,T,C,ts,1,1354,TC,TAC,CAC,CAC,nonsyn,Y,H,H,TRUE
15,9,1366,C,T,ts,1,1366,CT,CAA,TAA,TAA,nonsyn,Q,*,*,TRUE
15,9,1378,G,A,ts,1,1378,GA,GCC,ACC,ACC,nonsyn,A,T,T,TRUE
15,9,1408,T,A,tv,1,1408,TA,TGA,AGA,AGA,nonsyn,*,R,R,TRUE
15,9,1423,T,C,ts,1,1423,TC,TGT,CGT,CGT,nonsyn,C,R,R,TRUE
15,9,1498,A,T,tv,1,1498,AT,AGG,TGG,TGG,nonsyn,R,W,W,TRUE
15,9,1508,A,G,ts,2,1507,AG,TAC,TGC,TGC,nonsyn,Y,C,C,TRUE
15,9,1510,T,C,ts,1,1510,TC,TTC,CTC,CTC,nonsyn,F,L,L,TRUE
15,9,1570,T,C,ts,1,1570,TC,TCA,CCA,CCA,nonsyn,S,P,P,TRUE
15,9,1579,T,C,ts,1,1579,TC,TCA,CCA,CCA,nonsyn,S,P,P,TRUE
15,9,1591,T,C,ts,1,1591,TC,TAC,CAC,CAC,nonsyn,Y,H,H,TRUE
15,9,1609,T,C,ts,1,1609,TC,TAC,CAC,CAC,nonsyn,Y,H,H,TRUE
15,9,1642,C,T,ts,1,1642,CT,CTG,TTG,TTG,syn,L,L,L,FALSE
15,9,1669,C,T,ts,1,1669,CT,CAA,TAA,TAA,nonsyn,Q,*,*,TRUE
15,9,1675,A,G,ts,1,1675,AG,ATA,GTA,GTA,nonsyn,I,V,V,TRUE
15,9,1693,C,T,ts,1,1693,CT,CAT,TAT,TAT,nonsyn,H,Y,Y,TRUE
15,9,1705,T,A,tv,1,1705,TA,TAT,AAT,AAT,nonsyn,Y,N,N,TRUE
15,9,1714,T,C,ts,1,1714,TC,TAG,CAG,CAG,nonsyn,*,Q,Q,TRUE
15,9,1729,G,A,ts,1,1729,GA,GAC,AAC,AAC,nonsyn,D,N,N,TRUE
15,9,1741,A,G,ts,1,1741,AG,AGC,GGC,GGC,nonsyn,S,G,G,TRUE
15,9,1753,C,T,ts,1,1753,CT,CAT,TAT,TAT,nonsyn,H,Y,Y,TRUE
15,9,1756,C,T,ts,1,1756,CT,CAT,TAT,TAT,nonsyn,H,Y,Y,TRUE
15,9,1845,T,G,tv,3,1843,TG,GTT,GTG,GTG,syn,V,V,V,FALSE
15,9,1851,A,T,tv,3,1849,AT,ACA,ACT,ACT,syn,T,T,T,FALSE
15,9,1863,A,T,tv,3,1861,AT,CCA,CCT,CCT,syn,P,P,P,FALSE
15,9,1875,C,A,tv,3,1873,CA,ACC,ACA,ACA,syn,T,T,T,FALSE
15,9,1884,A,G,ts,3,1882,AG,TCA,TCG,TCG,syn,S,S,S,FALSE
15,9,1890,T,C,ts,3,1888,TC,GAT,GAC,GAC,syn,D,D,D,FALSE
15,9,1902,C,T,ts,3,1900,CT,TAC,TAT,TAT,syn,Y,Y,Y,FALSE
15,9,1932,T,C,ts,3,1930,TC,AAT,AAC,AAC,syn,N,N,N,FALSE
15,9,1950,C,T,ts,3,1948,CT,GGC,GGT,GGT,syn,G,G,G,FALSE
15,9,1971,C,T,ts,3,1969,CT,AAC,AAT,AAT,syn,N,N,N,FALSE
15,9,2001,A,G,ts,3,1999,AG,CAA,CAG,CAG,syn,Q,Q,Q,FALSE
15,9,2010,C,T,ts,3,2008,CT,AAC,AAT,AAT,syn,N,N,N,FALSE
15,9,2013,C,T,ts,3,2011,CT,ACC,ACT,ACT,syn,T,T,T,FALSE
15,9,2046,C,T,ts,3,2044,CT,TAC,TAT,TAT,syn,Y,Y,Y,FALSE
15,9,2049,A,G,ts,3,2047,AG,AAA,AAG,AAG,syn,K,K,K,FALSE
15,9,2079,T,C,ts,3,2077,TC,TTT,TTC,TTC,syn,F,F,F,FALSE
15,9,2151,C,T,ts,3,2149,CT,AAC,AAT,AAT,syn,N,N,N,FALSE
15,9,2220,A,G,ts,3,2218,AG,AGA,AGG,AGG,syn,R,R,R,FALSE
15,9,2226,C,T,ts,3,2224,CT,CTC,CTT,CTT,syn,L,L,L,FALSE
15,9,2235,A,T,tv,3,2233,AT,GCA,GCT,GCT,syn,A,A,A,FALSE
15,9,2289,T,C,ts,3,2287,TC,ATT,ATC,ATC,syn,I,I,I,FALSE
15,9,2316,G,A,ts,3,2314,GA,GCG,GCA,GCA,syn,A,A,A,FALSE
15,9,2340,C,T,ts,3,2338,CT,ACC,ACT,ACT,syn,T,T,T,FALSE
15,9,2376,T,C,ts,3,2374,TC,GCT,GCC,GCC,syn,A,A,A,FALSE
15,9,2601,A,T,tv,3,2599,AT,TCA,TCT,TCT,syn,S,S,S,FALSE
15,9,2604,T,C,ts,3,2602,TC,AGT,AGC,AGC,syn,S,S,S,FALSE
15,9,2631,T,C,ts,3,2629,TC,CTT,CTC,CTC,syn,L,L,L,FALSE
15,9,2655,A,G,ts,3,2653,AG,CAA,CAG,CAG,syn,Q,Q,Q,FALSE
15,9,2661,T,C,ts,3,2659,TC,GAT,GAC,GAC,syn,D,D,D,FALSE
15,9,2688,T,C,ts,3,2686,TC,AGT,AGC,AGC,syn,S,S,S,FALSE
15,9,2745,T,C,ts,3,2743,TC,GCT,GCC,GCC,syn,A,A,A,FALSE
15,9,2877,T,A,tv,3,2875,TA,ACT,ACA,ACA,syn,T,T,T,FALSE
15,9,2949,T,A,tv,3,2947,TA,CCT,CCA,CCA,syn,P,P,P,FALSE
15,9,2961,C,T,ts,3,2959,CT,GTC,GTT,GTT,syn,V,V,V,FALSE
15,9,3027,C,A,tv,3,3025,CA,ACC,ACA,ACA,syn,T,T,T,FALSE
15,9,3107,T,A,tv,2,3106,TA,CTG,CAG,CAG,nonsyn,L,Q,Q,TRUE
15,9,3116,C,T,ts,2,3115,CT,ACT,ATT,ATT,nonsyn,T,I,I,TRUE
15,9,3134,A,G,ts,2,3133,AG,TAG,TGG,TGG,nonsyn,*,W,W,TRUE
15,9,3164,A,T,tv,2,3163,AT,CAG,CTG,CTG,nonsyn,Q,L,L,TRUE
15,9,3170,T,A,tv,2,3169,TA,TTG,TAG,TAG,nonsyn,L,*,*,TRUE
15,9,3185,C,T,ts,2,3184,CT,TCT,TTT,TTT,nonsyn,S,F,F,TRUE
15,9,3212,C,T,ts,2,3211,CT,ACA,ATA,ATA,nonsyn,T,I,I,TRUE
15,9,3221,A,G,ts,2,3220,AG,AAG,AGG,AGG,nonsyn,K,R,R,TRUE
15,9,3255,T,C,ts,3,3253,TC,ATT,ATC,ATC,syn,I,I,I,FALSE
15,9,3299,G,A,ts,2,3298,GA,AGC,AAC,AAC,nonsyn,S,N,N,TRUE
15,9,3371,A,G,ts,2,3370,AG,CAA,CGA,CGA,nonsyn,Q,R,R,TRUE
15,9,3401,T,C,ts,2,3400,TC,GTA,GCA,GCA,nonsyn,V,A,A,TRUE
15,9,3434,C,T,ts,2,3433,CT,CCT,CTT,CTT,nonsyn,P,L,L,TRUE
15,10,363,C,T,ts,3,361,CT,CAC,CAT,CAT,syn,H,H,H,FALSE
15,10,366,A,C,tv,3,364,AC,AAA,AAC,AAC,nonsyn,K,N,N,TRUE
15,10,372,C,T,ts,3,370,CT,AAC,AAT,AAT,syn,N,N,N,FALSE
15,10,377,G,C,tv,2,376,GC,AGT,ACT,ACA,nonsyn,S,T,T,TRUE
15,10,378,T,A,tv,3,376,TA,AGT,AGA,ACA,nonsyn,S,R,T,TRUE
15,10,382,A,G,ts,1,382,AG,ATG,GTG,GTT,nonsyn,M,V,V,TRUE
15,10,384,G,T,tv,3,382,GT,ATG,ATT,GTT,nonsyn,M,I,V,TRUE
15,10,389,G,A,ts,2,388,GA,AGT,AAT,AAT,nonsyn,S,N,N,TRUE
15,10,396,C,T,ts,3,394,CT,TTC,TTT,TTT,syn,F,F,F,FALSE
15,10,408,T,A,tv,3,406,TA,TCT,TCA,TCA,syn,S,S,S,FALSE
15,10,414,G,C,tv,3,412,GC,GCG,GCC,GCC,syn,A,A,A,FALSE
15,10,417,T,C,ts,3,415,TC,AAT,AAC,AAC,syn,N,N,N,FALSE
15,10,429,T,C,ts,3,427,TC,TTT,TTC,TTC,syn,F,F,F,FALSE
15,10,435,T,C,ts,3,433,TC,TAT,TAC,TAC,syn,Y,Y,Y,FALSE
15,10,436,G,A,ts,1,436,GA,GTC,ATC,ATT,nonsyn,V,I,I,TRUE
15,10,438,C,T,ts,3,436,CT,GTC,GTT,ATT,syn,V,V,I,TRUE
15,10,444,G,A,ts,3,442,GA,CAG,CAA,CAA,syn,Q,Q,Q,FALSE
15,10,471,A,G,ts,3,469,AG,AAA,AAG,AAG,syn,K,K,K,FALSE
15,10,474,G,A,ts,3,472,GA,CAG,CAA,CAA,syn,Q,Q,Q,FALSE
15,10,483,C,T,ts,3,481,CT,TTC,TTT,TTT,syn,F,F,F,FALSE
15,10,486,A,G,ts,3,484,AG,AAA,AAG,AAG,syn,K,K,K,FALSE
15,10,489,T,C,ts,3,487,TC,AAT,AAC,AAC,syn,N,N,N,FALSE
15,10,495,G,A,ts,3,493,GA,AGG,AGA,AGA,syn,R,R,R,FALSE
15,10,498,A,G,ts,3,496,AG,GAA,GAG,GAG,syn,E,E,E,FALSE
15,10,510,G,A,ts,3,508,GA,AAG,AAA,AAA,syn,K,K,K,FALSE
15,10,514,A,G,ts,1,514,AG,ATT,GTT,GTT,nonsyn,I,V,V,TRUE
15,10,531,A,G,ts,3,529,AG,AAA,AAG,AAG,syn,K,K,K,FALSE
15,10,534,A,T,tv,3,532,AT,ATA,ATT,ATT,syn,I,I,I,FALSE
15,10,537,T,C,ts,3,535,TC,TAT,TAC,TAC,syn,Y,Y,Y,FALSE
15,10,549,G,A,ts,3,547,GA,ACG,ACA,ACA,syn,T,T,T,FALSE
15,10,556,A,G,ts,1,556,AG,AAT,GAT,GAT,nonsyn,N,D,D,TRUE
15,10,567,T,C,ts,3,565,TC,CGT,CGC,CGC,syn,R,R,R,FALSE
15,10,570,T,C,ts,3,568,TC,GAT,GAC,GAC,syn,D,D,D,FALSE
15,10,577,C,A,tv,1,577,CA,CAG,AAG,AGA,nonsyn,Q,K,R,TRUE
15,10,578,A,G,ts,2,577,AG,CAG,CGG,AGA,nonsyn,Q,R,R,TRUE
15,10,579,G,A,ts,3,577,GA,CAG,CAA,AGA,syn,Q,Q,R,TRUE
15,10,586,T,G,tv,1,586,TG,TCG,GCG,GCT,nonsyn,S,A,A,TRUE
15,10,588,G,T,tv,3,586,GT,TCG,TCT,GCT,syn,S,S,A,TRUE
15,10,591,T,A,tv,3,589,TA,GCT,GCA,GCA,syn,A,A,A,FALSE
15,10,594,A,G,ts,3,592,AG,TTA,TTG,TTG,syn,L,L,L,FALSE
15,10,601,T,C,ts,1,601,TC,TTG,CTG,CTG,syn,L,L,L,FALSE
15,10,606,A,G,ts,3,604,AG,GTA,GTG,GTG,syn,V,V,V,FALSE
15,10,609,T,C,ts,3,607,TC,GAT,GAC,GAC,syn,D,D,D,FALSE
15,10,612,G,C,tv,3,610,GC,CTG,CTC,CTC,syn,L,L,L,FALSE
15,10,615,A,T,tv,3,613,AT,CCA,CCT,CCT,syn,P,P,P,FALSE
15,10,627,C,T,ts,3,625,CT,AAC,AAT,AAT,syn,N,N,N,FALSE
15,10,630,C,T,ts,3,628,CT,ATC,ATT,ATT,syn,I,I,I,FALSE
15,10,633,T,C,ts,3,631,TC,ACT,ACC,ACC,syn,T,T,T,FALSE
15,10,636,G,A,ts,3,634,GA,AGG,AGA,AGA,syn,R,R,R,FALSE
15,10,639,T,C,ts,3,637,TC,TTT,TTC,TTC,syn,F,F,F,FALSE
15,10,645,T,A,tv,3,643,TA,ACT,ACA,ACA,syn,T,T,T,FALSE
15,10,661,T,C,ts,1,661,TC,TTG,CTG,CTT,syn,L,L,L,FALSE
15,10,663,G,T,tv,3,661,GT,TTG,TTT,CTT,nonsyn,L,F,L,FALSE
15,10,666,T,A,tv,3,664,TA,ACT,ACA,ACA,syn,T,T,T,FALSE
15,10,673,G,A,ts,1,673,GA,GAT,AAT,AAG,nonsyn,D,N,K,TRUE
15,10,675,T,G,tv,3,673,TG,GAT,GAG,AAG,nonsyn,D,E,K,TRUE
15,10,676,T,C,ts,1,676,TC,TCT,CCT,CTA,nonsyn,S,P,L,TRUE
15,10,677,C,T,ts,2,676,CT,TCT,TTT,CTA,nonsyn,S,F,L,TRUE
15,10,678,T,A,tv,3,676,TA,TCT,TCA,CTA,syn,S,S,L,TRUE
15,10,709,T,A,tv,1,709,TA,TTT,ATT,ATT,nonsyn,F,I,I,TRUE
15,10,715,T,A,tv,1,715,TA,TGA,AGA,AGA,nonsyn,*,R,R,TRUE
15,10,721,T,G,tv,1,721,TG,TTT,GTT,GTT,nonsyn,F,V,V,TRUE
15,10,730,C,A,tv,1,730,CA,CAC,AAC,ATC,nonsyn,H,N,I,TRUE
15,10,731,A,T,tv,2,730,AT,CAC,CTC,ATC,nonsyn,H,L,I,TRUE
15,10,735,G,A,ts,3,733,GA,CAG,CAA,CAA,syn,Q,Q,Q,FALSE
15,10,778,C,T,ts,1,778,CT,CTG,TTG,TTG,syn,L,L,L,FALSE
15,10,799,C,A,tv,1,799,CA,CCT,ACT,ACT,nonsyn,P,T,T,TRUE
15,10,802,A,T,tv,1,802,AT,ATA,TTA,TTA,nonsyn,I,L,L,TRUE
15,10,808,T,C,ts,1,808,TC,TTC,CTC,CTC,nonsyn,F,L,L,TRUE
15,10,811,C,T,ts,1,811,CT,CAC,TAC,TAC,nonsyn,H,Y,Y,TRUE
15,10,844,G,T,tv,1,844,GT,GTC,TTC,TTC,nonsyn,V,F,F,TRUE
15,10,847,T,A,tv,1,847,TA,TCC,ACC,ACC,nonsyn,S,T,T,TRUE
15,10,853,T,A,tv,1,853,TA,TAA,AAA,AAA,nonsyn,*,K,K,TRUE
15,10,857,T,C,ts,2,856,TC,ATT,ACT,ACT,nonsyn,I,T,T,TRUE
15,10,859,A,C,tv,1,859,AC,AAA,CAA,CAA,nonsyn,K,Q,Q,TRUE
15,10,865,T,C,ts,1,865,TC,TCT,CCT,CCT,nonsyn,S,P,P,TRUE
15,10,868,C,T,ts,1,868,CT,CTG,TTG,TTG,syn,L,L,L,FALSE
15,10,874,T,C,ts,1,874,TC,TAC,CAC,CAC,nonsyn,Y,H,H,TRUE
15,10,877,T,C,ts,1,877,TC,TAA,CAA,CAA,nonsyn,*,Q,Q,TRUE
15,10,883,C,G,tv,1,883,CG,CTA,GTA,GTA,nonsyn,L,V,V,TRUE
15,10,901,A,T,tv,1,901,AT,AAT,TAT,TGT,nonsyn,N,Y,C,TRUE
15,10,902,A,G,ts,2,901,AG,AAT,AGT,TGT,nonsyn,N,S,C,TRUE
15,10,906,G,A,ts,3,904,GA,TAG,TAA,TAA,syn,*,*,*,FALSE
15,10,913,T,C,ts,1,913,TC,TGA,CGA,CGA,nonsyn,*,R,R,TRUE
15,10,916,A,G,ts,1,916,AG,AGT,GGT,GGT,nonsyn,S,G,G,TRUE
15,10,919,C,T,ts,1,919,CT,CAG,TAG,TAG,nonsyn,Q,*,*,TRUE
15,10,928,C,A,tv,1,928,CA,CGC,AGC,AGC,nonsyn,R,S,S,TRUE
15,10,931,G,A,ts,1,931,GA,GCC,ACC,ACC,nonsyn,A,T,T,TRUE
15,10,934,A,C,tv,1,934,AC,AGG,CGG,CGG,syn,R,R,R,FALSE
15,10,946,A,T,tv,1,946,AT,AAA,TAA,TGT,nonsyn,K,*,C,TRUE
15,10,947,A,G,ts,2,946,AG,AAA,AGA,TGT,nonsyn,K,R,C,TRUE
15,10,948,A,T,tv,3,946,AT,AAA,AAT,TGT,nonsyn,K,N,C,TRUE
15,10,949,G,T,tv,1,949,GT,GAT,TAT,TAT,nonsyn,D,Y,Y,TRUE
15,10,964,T,C,ts,1,964,TC,TTA,CTA,CTA,syn,L,L,L,FALSE
15,10,970,A,G,ts,1,970,AG,ACT,GCT,GCT,nonsyn,T,A,A,TRUE
15,10,973,A,G,ts,1,973,AG,ACC,GCC,GCC,nonsyn,T,A,A,TRUE
15,10,1000,A,T,tv,1,1000,AT,AGC,TGC,TGC,nonsyn,S,C,C,TRUE
15,10,1009,T,C,ts,1,1009,TC,TTC,CTC,CTC,nonsyn,F,L,L,TRUE
15,10,1012,T,A,tv,1,1012,TA,TAA,AAA,AGT,nonsyn,*,K,S,TRUE
15,10,1013,A,G,ts,2,1012,AG,TAA,TGA,AGT,syn,*,*,S,TRUE
15,10,1014,A,T,tv,3,1012,AT,TAA,TAT,AGT,nonsyn,*,Y,S,TRUE
15,10,1015,C,T,ts,1,1015,CT,CAA,TAA,TAA,nonsyn,Q,*,*,TRUE
15,10,1018,T,G,tv,1,1018,TG,TCT,GCT,GCA,nonsyn,S,A,A,TRUE
15,10,1020,T,A,tv,3,1018,TA,TCT,TCA,GCA,syn,S,S,A,TRUE
15,10,1021,T,A,tv,1,1021,TA,TGA,AGA,AGA,nonsyn,*,R,R,TRUE
15,10,1028,A,T,tv,2,1027,AT,TAA,TTA,TTT,nonsyn,*,L,F,TRUE
15,10,1029,A,T,tv,3,1027,AT,TAA,TAT,TTT,nonsyn,*,Y,F,TRUE
15,10,1031,G,A,ts,2,1030,GA,GGT,GAT,GAC,nonsyn,G,D,D,TRUE
15,10,1032,T,C,ts,3,1030,TC,GGT,GGC,GAC,syn,G,G,D,TRUE
15,10,1046,A,G,ts,2,1045,AG,TAA,TGA,TGG,syn,*,*,W,TRUE
15,10,1047,A,G,ts,3,1045,AG,TAA,TAG,TGG,syn,*,*,W,TRUE
15,10,1052,C,T,ts,2,1051,CT,TCT,TTT,TTT,nonsyn,S,F,F,TRUE
15,10,1063,G,A,ts,1,1063,GA,GTT,ATT,ATT,nonsyn,V,I,I,TRUE
15,10,1078,T,G,tv,1,1078,TG,TCT,GCT,GCT,nonsyn,S,A,A,TRUE
15,10,1087,T,A,tv,1,1087,TA,TTT,ATT,ATT,nonsyn,F,I,I,TRUE
15,10,1105,A,C,tv,1,1105,AC,AAC,CAC,CAC,nonsyn,N,H,H,TRUE
15,10,1114,C,A,tv,1,1114,CA,CTA,ATA,ATA,nonsyn,L,I,I,TRUE
15,10,1135,T,C,ts,1,1135,TC,TTG,CTG,CTG,syn,L,L,L,FALSE
15,10,1141,T,C,ts,1,1141,TC,TGG,CGG,CGG,nonsyn,W,R,R,TRUE
15,10,1149,C,T,ts,3,1147,CT,AGC,AGT,AGT,syn,S,S,S,FALSE
15,10,1165,C,T,ts,1,1165,CT,CTA,TTA,TTA,syn,L,L,L,FALSE
15,10,1175,C,G,tv,2,1174,CG,TCA,TGA,TGA,nonsyn,S,*,*,TRUE
15,10,1180,A,G,ts,1,1180,AG,ATA,GTA,GTA,nonsyn,I,V,V,TRUE
15,10,1195,C,A,tv,1,1195,CA,CAC,AAC,AAC,nonsyn,H,N,N,TRUE
15,10,1200,A,C,tv,3,1198,AC,TAA,TAC,TAC,nonsyn,*,Y,Y,TRUE
15,10,1201,T,A,tv,1,1201,TA,TGG,AGG,AGG,nonsyn,W,R,R,TRUE
15,10,1208,G,A,ts,2,1207,GA,TGG,TAG,TAA,nonsyn,W,*,*,TRUE
15,10,1209,G,A,ts,3,1207,GA,TGG,TGA,TAA,nonsyn,W,*,*,TRUE
15,10,1210,T,C,ts,1,1210,TC,TTA,CTA,CTA,syn,L,L,L,FALSE
15,10,1221,A,T,tv,3,1219,AT,TTA,TTT,TTT,nonsyn,L,F,F,TRUE
15,10,1228,A,G,ts,1,1228,AG,AGT,GGT,GGT,nonsyn,S,G,G,TRUE
15,10,1231,A,T,tv,1,1231,AT,AGT,TGT,TGT,nonsyn,S,C,C,TRUE
15,10,1234,A,T,tv,1,1234,AT,ACT,TCT,TTT,nonsyn,T,S,F,TRUE
15,10,1235,C,T,ts,2,1234,CT,ACT,ATT,TTT,nonsyn,T,I,F,TRUE
15,10,1237,T,A,tv,1,1237,TA,TTC,ATC,ATC,nonsyn,F,I,I,TRUE
15,10,1240,T,A,tv,1,1240,TA,TTT,ATT,ATT,nonsyn,F,I,I,TRUE
15,10,1246,A,G,ts,1,1246,AG,ACT,GCT,GTT,nonsyn,T,A,V,TRUE
15,10,1247,C,T,ts,2,1246,CT,ACT,ATT,GTT,nonsyn,T,I,V,TRUE
15,10,1249,T,A,tv,1,1249,TA,TCT,ACT,ACT,nonsyn,S,T,T,TRUE
15,10,1252,A,T,tv,1,1252,AT,AAA,TAA,TAA,nonsyn,K,*,*,TRUE
15,10,1257,C,G,tv,3,1255,CG,TGC,TGG,TGG,nonsyn,C,W,W,TRUE
15,10,1264,A,T,tv,1,1264,AT,AAC,TAC,TAC,nonsyn,N,Y,Y,TRUE
15,10,1279,T,C,ts,1,1279,TC,TAA,CAA,CAA,nonsyn,*,Q,Q,TRUE
15,10,1283,A,T,tv,2,1282,AT,AAA,ATA,ATT,nonsyn,K,I,I,TRUE
15,10,1284,A,T,tv,3,1282,AT,AAA,AAT,ATT,nonsyn,K,N,I,TRUE
15,10,1291,T,A,tv,1,1291,TA,TAA,AAA,AAC,nonsyn,*,K,N,TRUE
15,10,1293,A,C,tv,3,1291,AC,TAA,TAC,AAC,nonsyn,*,Y,N,TRUE
15,10,1294,T,A,tv,1,1294,TA,TTT,ATT,ACT,nonsyn,F,I,T,TRUE
15,10,1295,T,C,ts,2,1294,TC,TTT,TCT,ACT,nonsyn,F,S,T,TRUE
15,10,1297,G,A,ts,1,1297,GA,GGT,AGT,AGT,nonsyn,G,S,S,TRUE
15,10,1304,A,G,ts,2,1303,AG,AAA,AGA,AGA,nonsyn,K,R,R,TRUE
15,10,1330,T,C,ts,1,1330,TC,TGG,CGG,CGG,nonsyn,W,R,R,TRUE
15,10,1358,G,A,ts,2,1357,GA,AGA,AAA,AAC,nonsyn,R,K,N,TRUE
15,10,1359,A,C,tv,3,1357,AC,AGA,AGC,AAC,nonsyn,R,S,N,TRUE
15,10,1360,G,A,ts,1,1360,GA,GTC,ATC,ATC,nonsyn,V,I,I,TRUE
15,10,1366,C,G,tv,1,1366,CG,CAA,GAA,GAA,nonsyn,Q,E,E,TRUE
15,10,1370,A,C,tv,2,1369,AC,AAA,ACA,ACA,nonsyn,K,T,T,TRUE
15,10,1384,C,T,ts,1,1384,CT,CCA,TCA,TCA,nonsyn,P,S,S,TRUE
15,10,1405,T,C,ts,1,1405,TC,TGC,CGC,CTC,nonsyn,C,R,L,TRUE
15,10,1406,G,T,tv,2,1405,GT,TGC,TTC,CTC,nonsyn,C,F,L,TRUE
15,10,1432,T,C,ts,1,1432,TC,TCC,CCC,CCC,nonsyn,S,P,P,TRUE
15,10,1447,G,A,ts,1,1447,GA,GAT,AAT,AAT,nonsyn,D,N,N,TRUE
15,10,1450,T,A,tv,1,1450,TA,TCT,ACT,ACT,nonsyn,S,T,T,TRUE
15,10,1462,A,C,tv,1,1462,AC,ACC,CCC,CCC,nonsyn,T,P,P,TRUE
15,10,1465,A,T,tv,1,1465,AT,ATG,TTG,TTG,nonsyn,M,L,L,TRUE
15,10,1468,T,C,ts,1,1468,TC,TTC,CTC,CTC,nonsyn,F,L,L,TRUE
15,10,1477,T,A,tv,1,1477,TA,TGG,AGG,AGG,nonsyn,W,R,R,TRUE
15,10,1480,T,A,tv,1,1480,TA,TGT,AGT,AGT,nonsyn,C,S,S,TRUE
15,10,1483,C,T,ts,1,1483,CT,CAG,TAG,TAG,nonsyn,Q,*,*,TRUE
15,10,1489,T,G,tv,1,1489,TG,TAT,GAT,GAT,nonsyn,Y,D,D,TRUE
15,10,1501,A,T,tv,1,1501,AT,AAC,TAC,TAC,nonsyn,N,Y,Y,TRUE
15,10,1507,T,C,ts,1,1507,TC,TAC,CAC,CAC,nonsyn,Y,H,H,TRUE
15,10,1516,C,T,ts,1,1516,CT,CCA,TCA,TCA,nonsyn,P,S,S,TRUE
15,10,1519,G,A,ts,1,1519,GA,GGT,AGT,AGT,nonsyn,G,S,S,TRUE
15,10,1522,T,G,tv,1,1522,TG,TGC,GGC,GGC,nonsyn,C,G,G,TRUE
15,10,1528,T,A,tv,1,1528,TA,TCT,ACT,ACT,nonsyn,S,T,T,TRUE
15,10,1534,T,C,ts,1,1534,TC,TCA,CCA,CCA,nonsyn,S,P,P,TRUE
15,10,1537,G,A,ts,1,1537,GA,GGA,AGA,AGA,nonsyn,G,R,R,TRUE
15,10,1549,C,T,ts,1,1549,CT,CAC,TAC,TAC,nonsyn,H,Y,Y,TRUE
15,10,1552,A,T,tv,1,1552,AT,AGA,TGA,TGA,nonsyn,R,*,*,TRUE
15,10,1558,C,G,tv,1,1558,CG,CCC,GCC,GCC,nonsyn,P,A,A,TRUE
15,10,1562,G,A,ts,2,1561,GA,TGT,TAT,TAT,nonsyn,C,Y,Y,TRUE
15,10,1564,T,G,tv,1,1564,TG,TGC,GGC,GGC,nonsyn,C,G,G,TRUE
15,10,1567,T,C,ts,1,1567,TC,TAT,CAT,CAT,nonsyn,Y,H,H,TRUE
15,10,1579,T,A,tv,1,1579,TA,TCA,ACA,ACA,nonsyn,S,T,T,TRUE
15,10,1588,T,A,tv,1,1588,TA,TCC,ACC,ACC,nonsyn,S,T,T,TRUE
15,10,1592,A,G,ts,2,1591,AG,TAC,TGC,TGC,nonsyn,Y,C,C,TRUE
15,10,1594,T,C,ts,1,1594,TC,TTG,CTG,CTG,syn,L,L,L,FALSE
15,10,1610,A,G,ts,2,1609,AG,TAC,TGC,TGC,nonsyn,Y,C,C,TRUE
15,10,1615,T,A,tv,1,1615,TA,TTC,ATC,AGC,nonsyn,F,I,S,TRUE
15,10,1616,T,G,tv,2,1615,TG,TTC,TGC,AGC,nonsyn,F,C,S,TRUE
15,10,1618,T,A,tv,1,1618,TA,TAA,AAA,AAA,nonsyn,*,K,K,TRUE
15,10,1624,T,G,tv,1,1624,TG,TTT,GTT,GTT,nonsyn,F,V,V,TRUE
15,10,1634,C,A,tv,2,1633,CA,ACG,AAG,AAG,nonsyn,T,K,K,TRUE
15,10,1636,T,A,tv,1,1636,TA,TGC,AGC,AGC,nonsyn,C,S,S,TRUE
15,10,1649,A,G,ts,2,1648,AG,AAT,AGT,AGT,nonsyn,N,S,S,TRUE
15,10,1654,G,T,tv,1,1654,GT,GGC,TGC,TGC,nonsyn,G,C,C,TRUE
15,10,1660,A,G,ts,1,1660,AG,ACA,GCA,GCA,nonsyn,T,A,A,TRUE
15,10,1672,C,T,ts,1,1672,CT,CTC,TTC,TTC,nonsyn,L,F,F,TRUE
15,10,1675,A,T,tv,1,1675,AT,ATA,TTA,TTA,nonsyn,I,L,L,TRUE
15,10,1681,G,A,ts,1,1681,GA,GTG,ATG,ATG,nonsyn,V,M,M,TRUE
15,10,1690,A,T,tv,1,1690,AT,ACC,TCC,TCC,nonsyn,T,S,S,TRUE
15,10,1693,C,A,tv,1,1693,CA,CAT,AAT,AGT,nonsyn,H,N,S,TRUE
15,10,1694,A,G,ts,2,1693,AG,CAT,CGT,AGT,nonsyn,H,R,S,TRUE
15,10,1696,T,C,ts,1,1696,TC,TGG,CGG,CGG,nonsyn,W,R,R,TRUE
15,10,1702,A,T,tv,1,1702,AT,AGG,TGG,TGG,nonsyn,R,W,W,TRUE
15,10,1705,T,C,ts,1,1705,TC,TAT,CAT,CAT,nonsyn,Y,H,H,TRUE
15,10,1711,C,T,ts,1,1711,CT,CGC,TGC,TGC,nonsyn,R,C,C,TRUE
15,10,1714,T,A,tv,1,1714,TA,TAG,AAG,AAG,nonsyn,*,K,K,TRUE
15,10,1720,T,C,ts,1,1720,TC,TCA,CCA,CCA,nonsyn,S,P,P,TRUE
15,10,1723,G,T,tv,1,1723,GT,GAC,TAC,TTC,nonsyn,D,Y,F,TRUE
15,10,1724,A,T,tv,2,1723,AT,GAC,GTC,TTC,nonsyn,D,V,F,TRUE
15,10,1726,T,C,ts,1,1726,TC,TCA,CCA,CAT,nonsyn,S,P,H,TRUE
15,10,1727,C,A,tv,2,1726,CA,TCA,TAA,CAT,nonsyn,S,*,H,TRUE
15,10,1728,A,T,tv,3,1726,AT,TCA,TCT,CAT,syn,S,S,H,TRUE
15,10,1730,A,T,tv,2,1729,AT,GAC,GTC,GTC,nonsyn,D,V,V,TRUE
15,10,1732,T,A,tv,1,1732,TA,TCG,ACG,ACG,nonsyn,S,T,T,TRUE
15,10,1741,A,C,tv,1,1741,AC,AGC,CGC,CAA,nonsyn,S,R,Q,TRUE
15,10,1742,G,A,ts,2,1741,GA,AGC,AAC,CAA,nonsyn,S,N,Q,TRUE
15,10,1743,C,A,tv,3,1741,CA,AGC,AGA,CAA,nonsyn,S,R,Q,TRUE
15,10,1745,A,C,tv,2,1744,AC,CAG,CCG,CCA,nonsyn,Q,P,P,TRUE
15,10,1746,G,A,ts,3,1744,GA,CAG,CAA,CCA,syn,Q,Q,P,TRUE
15,10,1747,T,G,tv,1,1747,TG,TCA,GCA,GCG,nonsyn,S,A,A,TRUE
15,10,1749,A,G,ts,3,1747,AG,TCA,TCG,GCG,syn,S,S,A,TRUE
15,10,1750,A,T,tv,1,1750,AT,ATC,TTC,TTC,nonsyn,I,F,F,TRUE
15,10,1753,C,A,tv,1,1753,CA,CAT,AAT,AAT,nonsyn,H,N,N,TRUE
15,10,1762,C,T,ts,1,1762,CT,CTA,TTA,TTA,syn,L,L,L,FALSE
15,10,1774,A,T,tv,1,1774,AT,ACT,TCT,TTT,nonsyn,T,S,F,TRUE
15,10,1775,C,T,ts,2,1774,CT,ACT,ATT,TTT,nonsyn,T,I,F,TRUE
15,10,1777,T,A,tv,1,1777,TA,TGG,AGG,AGG,nonsyn,W,R,R,TRUE
15,10,1809,C,T,ts,3,1807,CT,AAC,AAT,AAT,syn,N,N,N,FALSE
15,10,1812,T,A,tv,3,1810,TA,TCT,TCA,TCA,syn,S,S,S,FALSE
15,10,1827,A,T,tv,3,1825,AT,ACA,ACT,ACT,syn,T,T,T,FALSE
15,10,1836,T,A,tv,3,1834,TA,ACT,ACA,ACA,syn,T,T,T,FALSE
15,10,1839,T,A,tv,3,1837,TA,ATT,ATA,ATA,syn,I,I,I,FALSE
15,10,1869,T,A,tv,3,1867,TA,TCT,TCA,TCA,syn,S,S,S,FALSE
15,10,1875,C,T,ts,3,1873,CT,ACC,ACT,ACT,syn,T,T,T,FALSE
15,10,1881,A,T,tv,3,1879,AT,ACA,ACT,ACT,syn,T,T,T,FALSE
15,10,1884,A,T,tv,3,1882,AT,TCA,TCT,TCT,syn,S,S,S,FALSE
15,10,1896,A,T,tv,3,1894,AT,ACA,ACT,ACT,syn,T,T,T,FALSE
15,10,1905,T,C,ts,3,1903,TC,ATT,ATC,ATC,syn,I,I,I,FALSE
15,10,1911,T,A,tv,3,1909,TA,GGT,GGA,GGA,syn,G,G,G,FALSE
15,10,1919,C,T,ts,2,1918,CT,ACT,ATT,ATT,nonsyn,T,I,I,TRUE
15,10,1926,C,T,ts,3,1924,CT,TGC,TGT,TGT,syn,C,C,C,FALSE
15,10,1929,C,T,ts,3,1927,CT,AGC,AGT,AGT,syn,S,S,S,FALSE
15,10,1933,C,T,ts,1,1933,CT,CTT,TTT,TTA,nonsyn,L,F,L,FALSE
15,10,1935,T,A,tv,3,1933,TA,CTT,CTA,TTA,syn,L,L,L,FALSE
15,10,1939,T,C,ts,1,1939,TC,TTG,CTG,CTA,syn,L,L,L,FALSE
15,10,1941,G,A,ts,3,1939,GA,TTG,TTA,CTA,syn,L,L,L,FALSE
15,10,1980,A,G,ts,3,1978,AG,TTA,TTG,TTG,syn,L,L,L,FALSE
15,10,1986,A,G,ts,3,1984,AG,GGA,GGG,GGG,syn,G,G,G,FALSE
15,10,1989,A,T,tv,3,1987,AT,ATA,ATT,ATT,syn,I,I,I,FALSE
15,10,2013,C,A,tv,3,2011,CA,ACC,ACA,ACA,syn,T,T,T,FALSE
15,10,2028,T,C,ts,3,2026,TC,GCT,GCC,GCC,syn,A,A,A,FALSE
15,10,2031,A,G,ts,3,2029,AG,CAA,CAG,CAG,syn,Q,Q,Q,FALSE
15,10,2043,T,C,ts,3,2041,TC,ATT,ATC,ATC,syn,I,I,I,FALSE
15,10,2058,A,T,tv,3,2056,AT,CCA,CCT,CCT,syn,P,P,P,FALSE
15,10,2076,T,C,ts,3,2074,TC,GGT,GGC,GGC,syn,G,G,G,FALSE
15,10,2082,T,C,ts,3,2080,TC,AAT,AAC,AAC,syn,N,N,N,FALSE
15,10,2097,A,G,ts,3,2095,AG,TTA,TTG,TTG,syn,L,L,L,FALSE
15,10,2145,T,C,ts,3,2143,TC,CTT,CTC,CTC,syn,L,L,L,FALSE
15,10,2229,T,C,ts,3,2227,TC,ATT,ATC,ATC,syn,I,I,I,FALSE
15,10,2250,C,A,tv,3,2248,CA,GGC,GGA,GGA,syn,G,G,G,FALSE
15,10,2253,T,C,ts,3,2251,TC,CTT,CTC,CTC,syn,L,L,L,FALSE
15,10,2256,T,G,tv,3,2254,TG,ACT,ACG,ACG,syn,T,T,T,FALSE
15,10,2262,G,A,ts,3,2260,GA,CTG,CTA,CTA,syn,L,L,L,FALSE
15,10,2265,A,G,ts,3,2263,AG,CCA,CCG,CCG,syn,P,P,P,FALSE
15,10,2311,T,C,ts,1,2311,TC,TTA,CTA,CTT,syn,L,L,L,FALSE
15,10,2313,A,T,tv,3,2311,AT,TTA,TTT,CTT,nonsyn,L,F,L,FALSE
15,10,2316,G,T,tv,3,2314,GT,GCG,GCT,GCT,syn,A,A,A,FALSE
15,10,2319,T,A,tv,3,2317,TA,GGT,GGA,GGA,syn,G,G,G,FALSE
15,10,2328,T,C,ts,3,2326,TC,ACT,ACC,ACC,syn,T,T,T,FALSE
15,10,2331,T,A,tv,3,2329,TA,TCT,TCA,TCA,syn,S,S,S,FALSE
15,10,2352,T,A,tv,3,2350,TA,GGT,GGA,GGA,syn,G,G,G,FALSE
15,10,2370,A,C,tv,3,2368,AC,CCA,CCC,CCC,syn,P,P,P,FALSE
15,10,2376,T,A,tv,3,2374,TA,GCT,GCA,GCA,syn,A,A,A,FALSE
15,10,2391,T,C,ts,3,2389,TC,TAT,TAC,TAC,syn,Y,Y,Y,FALSE
15,10,2403,T,C,ts,3,2401,TC,GGT,GGC,GGC,syn,G,G,G,FALSE
15,10,2412,T,C,ts,3,2410,TC,GTT,GTC,GTC,syn,V,V,V,FALSE
15,10,2415,A,T,tv,3,2413,AT,ACA,ACT,ACT,syn,T,T,T,FALSE
15,10,2427,C,A,tv,3,2425,CA,CTC,CTA,CTA,syn,L,L,L,FALSE
15,10,2436,C,T,ts,3,2434,CT,AAC,AAT,AAT,syn,N,N,N,FALSE
15,10,2439,A,G,ts,3,2437,AG,CAA,CAG,CAG,syn,Q,Q,Q,FALSE
15,10,2445,G,A,ts,3,2443,GA,TTG,TTA,TTA,syn,L,L,L,FALSE
15,10,2454,C,T,ts,3,2452,CT,AAC,AAT,AAT,syn,N,N,N,FALSE
15,10,2460,T,C,ts,3,2458,TC,TTT,TTC,TTC,syn,F,F,F,FALSE
15,10,2463,T,C,ts,3,2461,TC,AAT,AAC,AAC,syn,N,N,N,FALSE
15,10,2481,T,A,tv,3,2479,TA,ATT,ATA,ATA,syn,I,I,I,FALSE
15,10,2484,A,G,ts,3,2482,AG,CAA,CAG,CAG,syn,Q,Q,Q,FALSE
15,10,2487,C,T,ts,3,2485,CT,GAC,GAT,GAT,syn,D,D,D,FALSE
15,10,2496,T,A,tv,3,2494,TA,TCT,TCA,TCA,syn,S,S,S,FALSE
15,10,2502,A,G,ts,3,2500,AG,ACA,ACG,ACG,syn,T,T,T,FALSE
15,10,2505,A,T,tv,3,2503,AT,GCA,GCT,GCT,syn,A,A,A,FALSE
15,10,2517,A,T,tv,3,2515,AT,GGA,GGT,GGT,syn,G,G,G,FALSE
15,10,2529,T,C,ts,3,2527,TC,GAT,GAC,GAC,syn,D,D,D,FALSE
15,10,2532,T,C,ts,3,2530,TC,GTT,GTC,GTC,syn,V,V,V,FALSE
15,10,2535,C,A,tv,3,2533,CA,GTC,GTA,GTA,syn,V,V,V,FALSE
15,10,2538,C,T,ts,3,2536,CT,AAC,AAT,AAT,syn,N,N,N,FALSE
15,10,2550,A,G,ts,3,2548,AG,CAA,CAG,CAG,syn,Q,Q,Q,FALSE
15,10,2562,G,A,ts,3,2560,GA,ACG,ACA,ACA,syn,T,T,T,FALSE
15,10,2568,T,C,ts,3,2566,TC,GTT,GTC,GTC,syn,V,V,V,FALSE
15,10,2580,C,T,ts,3,2578,CT,AGC,AGT,AGT,syn,S,S,S,FALSE
15,10,2601,A,G,ts,3,2599,AG,TCA,TCG,TCG,syn,S,S,S,FALSE
15,10,2608,T,C,ts,1,2608,TC,TTA,CTA,CTT,syn,L,L,L,FALSE
15,10,2610,A,T,tv,3,2608,AT,TTA,TTT,CTT,nonsyn,L,F,L,FALSE
15,10,2619,C,T,ts,3,2617,CT,ATC,ATT,ATT,syn,I,I,I,FALSE
15,10,2667,G,A,ts,3,2665,GA,TTG,TTA,TTA,syn,L,L,L,FALSE
15,10,2676,C,A,tv,3,2674,CA,GGC,GGA,GGA,syn,G,G,G,FALSE
15,10,2682,T,A,tv,3,2680,TA,CTT,CTA,CTA,syn,L,L,L,FALSE
15,10,2685,A,G,ts,3,2683,AG,CAA,CAG,CAG,syn,Q,Q,Q,FALSE
15,10,2689,T,C,ts,1,2689,TC,TTG,CTG,CTT,syn,L,L,L,FALSE
15,10,2691,G,T,tv,3,2689,GT,TTG,TTT,CTT,nonsyn,L,F,L,FALSE
15,10,2694,G,A,ts,3,2692,GA,CAG,CAA,CAA,syn,Q,Q,Q,FALSE
15,10,2697,A,T,tv,3,2695,AT,ACA,ACT,ACT,syn,T,T,T,FALSE
15,10,2706,T,A,tv,3,2704,TA,ACT,ACA,ACA,syn,T,T,T,FALSE
15,10,2718,T,C,ts,3,2716,TC,ATT,ATC,ATC,syn,I,I,I,FALSE
15,10,2724,T,A,tv,3,2722,TA,GCT,GCA,GCA,syn,A,A,A,FALSE
15,10,2757,T,A,tv,3,2755,TA,GCT,GCA,GCA,syn,A,A,A,FALSE
15,10,2760,T,A,tv,3,2758,TA,ACT,ACA,ACA,syn,T,T,T,FALSE
15,10,2769,A,T,tv,3,2767,AT,TCA,TCT,TCT,syn,S,S,S,FALSE
15,10,2775,T,C,ts,3,2773,TC,TGT,TGC,TGC,syn,C,C,C,FALSE
15,10,2790,A,T,tv,3,2788,AT,TCA,TCT,TCT,syn,S,S,S,FALSE
15,10,2820,T,C,ts,3,2818,TC,TAT,TAC,TAC,syn,Y,Y,Y,FALSE
15,10,2824,C,T,ts,1,2824,CT,CTT,TTT,TTA,nonsyn,L,F,L,FALSE
15,10,2826,T,A,tv,3,2824,TA,CTT,CTA,TTA,syn,L,L,L,FALSE
15,10,2841,G,A,ts,3,2839,GA,CAG,CAA,CAA,syn,Q,Q,Q,FALSE
15,10,2850,T,G,tv,3,2848,TG,CCT,CCG,CCG,syn,P,P,P,FALSE
15,10,2859,A,T,tv,3,2857,AT,GTA,GTT,GTT,syn,V,V,V,FALSE
15,10,2862,C,T,ts,3,2860,CT,GTC,GTT,GTT,syn,V,V,V,FALSE
15,10,2874,G,T,tv,3,2872,GT,GTG,GTT,GTT,syn,V,V,V,FALSE
15,10,2883,C,A,tv,3,2881,CA,GTC,GTA,GTA,syn,V,V,V,FALSE
15,10,2904,C,T,ts,3,2902,CT,TTC,TTT,TTT,syn,F,F,F,FALSE
15,10,2907,A,T,tv,3,2905,AT,ACA,ACT,ACT,syn,T,T,T,FALSE
15,10,2919,C,T,ts,3,2917,CT,GCC,GCT,GCT,syn,A,A,A,FALSE
15,10,2931,T,A,tv,3,2929,TA,GAT,GAA,GAA,nonsyn,D,E,E,TRUE
15,10,2946,T,C,ts,3,2944,TC,TTT,TTC,TTC,syn,F,F,F,FALSE
15,10,2979,A,T,tv,3,2977,AT,ACA,ACT,ACT,syn,T,T,T,FALSE
15,10,2982,C,T,ts,3,2980,CT,CAC,CAT,CAT,syn,H,H,H,FALSE
15,10,2989,G,A,ts,1,2989,GA,GTT,ATT,ATT,nonsyn,V,I,I,TRUE
15,10,3015,A,T,tv,3,3013,AT,CCA,CCT,CCT,syn,P,P,P,FALSE
15,10,3030,A,T,tv,3,3028,AT,ACA,ACT,ACT,syn,T,T,T,FALSE
15,10,3041,T,C,ts,2,3040,TC,TTG,TCG,TCG,nonsyn,L,S,S,TRUE
15,10,3068,A,T,tv,2,3067,AT,TAG,TTG,TTG,nonsyn,*,L,L,TRUE
15,10,3074,T,A,tv,2,3073,TA,TTG,TAG,TAG,nonsyn,L,*,*,TRUE
15,10,3107,T,C,ts,2,3106,TC,CTG,CCG,CCG,nonsyn,L,P,P,TRUE
15,10,3110,A,G,ts,2,3109,AG,AAC,AGC,AGC,nonsyn,N,S,S,TRUE
15,10,3122,C,T,ts,2,3121,CT,TCA,TTA,TTA,nonsyn,S,L,L,TRUE
15,10,3137,T,C,ts,2,3136,TC,ATA,ACA,ACA,nonsyn,I,T,T,TRUE
15,10,3146,T,C,ts,2,3145,TC,TTA,TCA,TCA,nonsyn,L,S,S,TRUE
15,10,3155,T,C,ts,2,3154,TC,ATA,ACA,ACA,nonsyn,I,T,T,TRUE
15,10,3174,T,C,ts,3,3172,TC,ATT,ATC,ATC,syn,I,I,I,FALSE
15,10,3176,A,T,tv,2,3175,AT,TAG,TTG,TTG,nonsyn,*,L,L,TRUE
15,10,3179,T,C,ts,2,3178,TC,GTG,GCG,GCG,nonsyn,V,A,A,TRUE
15,10,3185,C,A,tv,2,3184,CA,TCT,TAT,TAT,nonsyn,S,Y,Y,TRUE
15,10,3194,T,A,tv,2,3193,TA,TTA,TAA,TAA,nonsyn,L,*,*,TRUE
15,10,3203,A,G,ts,2,3202,AG,CAG,CGG,CGG,nonsyn,Q,R,R,TRUE
15,10,3206,T,C,ts,2,3205,TC,TTG,TCG,TCG,nonsyn,L,S,S,TRUE
15,10,3215,T,A,tv,2,3214,TA,TTC,TAC,TAC,nonsyn,F,Y,Y,TRUE
15,10,3257,A,G,ts,2,3256,AG,TAA,TGA,TGA,syn,*,*,*,FALSE
15,10,3266,T,A,tv,2,3265,TA,CTC,CAC,CAC,nonsyn,L,H,H,TRUE
15,10,3272,C,T,ts,2,3271,CT,TCG,TTG,TTG,nonsyn,S,L,L,TRUE
15,10,3275,T,C,ts,2,3274,TC,ATC,ACC,ACC,nonsyn,I,T,T,TRUE
15,10,3278,C,A,tv,2,3277,CA,TCC,TAC,TAC,nonsyn,S,Y,Y,TRUE
15,10,3284,A,G,ts,2,3283,AG,AAC,AGC,AGC,nonsyn,N,S,S,TRUE
15,10,3293,G,A,ts,2,3292,GA,AGT,AAT,AAT,nonsyn,S,N,N,TRUE
15,10,3302,G,A,ts,2,3301,GA,AGT,AAT,AAT,nonsyn,S,N,N,TRUE
15,10,3305,T,C,ts,2,3304,TC,ATA,ACA,ACA,nonsyn,I,T,T,TRUE
15,10,3308,A,C,tv,2,3307,AC,TAA,TCA,TCA,nonsyn,*,S,S,TRUE
15,10,3317,A,T,tv,2,3316,AT,CAT,CTT,CTT,nonsyn,H,L,L,TRUE
15,10,3332,A,T,tv,2,3331,AT,TAG,TTG,TTG,nonsyn,*,L,L,TRUE
15,10,3347,C,G,tv,2,3346,CG,GCT,GGT,GGC,nonsyn,A,G,G,TRUE
15,10,3348,T,C,ts,3,3346,TC,GCT,GCC,GGC,syn,A,A,G,TRUE
15,10,3350,G,A,ts,2,3349,GA,TGA,TAA,TAA,syn,*,*,*,FALSE
15,10,3356,C,T,ts,2,3355,CT,CCA,CTA,CTA,nonsyn,P,L,L,TRUE
15,10,3359,A,C,tv,2,3358,AC,TAA,TCA,TCA,nonsyn,*,S,S,TRUE
15,10,3362,A,T,tv,2,3361,AT,TAA,TTA,TTA,nonsyn,*,L,L,TRUE
15,10,3374,T,C,ts,2,3373,TC,TTA,TCA,TCA,nonsyn,L,S,S,TRUE
15,10,3380,T,A,tv,2,3379,TA,TTT,TAT,TAT,nonsyn,F,Y,Y,TRUE
15,10,3383,C,T,ts,2,3382,CT,GCT,GTT,GTT,nonsyn,A,V,V,TRUE
15,10,3392,C,T,ts,2,3391,CT,CCA,CTA,CTA,nonsyn,P,L,L,TRUE
15,10,3407,T,C,ts,2,3406,TC,GTC,GCC,GCC,nonsyn,V,A,A,TRUE
15,10,3416,C,T,ts,2,3415,CT,GCT,GTT,GTT,nonsyn,A,V,V,TRUE
15,10,3422,T,C,ts,2,3421,TC,GTT,GCT,GCT,nonsyn,V,A,A,TRUE
15,10,3431,A,T,tv,2,3430,AT,GAT,GTT,GTT,nonsyn,D,V,V,TRUE
15,10,3458,C,T,ts,2,3457,CT,ACT,ATT,ATT,nonsyn,T,I,I,TRUE
15,10,3461,T,A,tv,2,3460,TA,CTG,CAG,CAG,nonsyn,L,Q,Q,TRUE
15,10,3464,G,A,ts,2,3463,GA,AGC,AAC,AAC,nonsyn,S,N,N,TRUE
15,10,3467,A,T,tv,2,3466,AT,CAG,CTG,CTG,nonsyn,Q,L,L,TRUE
15,10,3470,G,T,tv,2,3469,GT,TGC,TTC,TTC,nonsyn,C,F,F,TRUE
15,10,3473,C,G,tv,2,3472,CG,TCA,TGA,TGA,nonsyn,S,*,*,TRUE
12,2,1128,G,A,ts,3,1126,GA,TAG,TAA,TAA,syn,*,*,*,FALSE
11,4,588,G,C,tv,3,586,GC,TCG,TCC,TCC,syn,S,S,S,FALSE
11,4,1729,G,T,tv,1,1729,GT,GAC,TAC,TAC,nonsyn,D,Y,Y,TRUE
11,16,1199,A,T,tv,2,1198,AT,TAA,TTA,TTA,nonsyn,*,L,L,TRUE
16,17,1407,C,A,tv,3,1405,CA,TGC,TGA,TGA,nonsyn,C,*,*,TRUE
16,17,1826,C,T,ts,2,1825,CT,ACA,ATA,ATA,nonsyn,T,I,I,TRUE
16,17,2623,T,G,tv,1,2623,TG,TCA,GCA,GCA,nonsyn,S,A,A,TRUE
16,17,3031,G,C,tv,1,3031,GC,GAA,CAA,CAA,nonsyn,E,Q,Q,TRUE
16,18,144,C,A,tv,3,142,CA,ATC,ATA,ATA,syn,I,I,I,FALSE
16,18,167,A,C,tv,2,166,AC,GAT,GCT,GCT,nonsyn,D,A,A,TRUE
16,18,360,C,T,ts,3,358,CT,TAC,TAT,TAT,syn,Y,Y,Y,FALSE
16,18,569,A,G,ts,2,568,AG,GAT,GGT,GGT,nonsyn,D,G,G,TRUE
16,18,949,G,T,tv,1,949,GT,GAT,TAT,TAT,nonsyn,D,Y,Y,TRUE
16,18,1148,G,A,ts,2,1147,GA,TGA,TAA,TAA,syn,*,*,*,FALSE
18,7,2314,G,T,tv,1,2314,GT,GCG,TCG,TCG,nonsyn,A,S,S,TRUE
18,8,3255,T,C,ts,3,3253,TC,ATT,ATC,ATC,syn,I,I,I,FALSE